{
  "version": "7",
  "dialect": "postgresql",
  "entries": [
    {
      "idx": 0,
      "version": "7",
      "when": 1748842169661,
      "tag": "0000_opposite_speed",
      "breakpoints": true
    },
    {
      "idx": 1,
      "version": "7",
      "when": 1748852800451,
      "tag": "0001_modern_nicolaos",
      "breakpoints": true
    },
    {
      "idx": 2,
      "version": "7",
      "when": 1749063464418,
      "tag": "0002_goofy_ma_gnuci",
      "breakpoints": true
    },
    {
      "idx": 3,
      "version": "7",
      "when": 1749102926709,
      "tag": "0003_broad_living_tribunal",
      "breakpoints": true
    },
    {
      "idx": 4,
      "version": "7",
      "when": 1755197749267,
      "tag": "0004_reflective_meteorite",
      "breakpoints": true
    }
  ]
}